ds,yhat,yhat_lower,yhat_upper,Feature
2010-02-05,166.73121337185992,117.17030400202476,217.33127942292924,CPI
2010-02-12,166.9704717594721,115.91481064093088,218.21882954740627,CPI
2010-02-19,167.11331132156138,119.82672578682121,214.6858450739973,CPI
2010-02-26,167.1992236814137,119.1468579494523,219.46198649075185,CPI
2010-03-05,167.2832087698946,119.65081602707724,219.9850333164534,CPI
2010-03-12,167.38188381630027,119.17529257999672,219.77829144607546,CPI
2010-03-19,167.47201800338794,113.24579914294681,216.07145393974332,CPI
2010-03-26,167.53045434517605,120.01659021711495,218.8698273100511,CPI
2010-04-02,167.56333381326104,117.5992274431279,217.44636301914684,CPI
2010-04-09,167.59505802096658,117.49077861324369,221.15600653354775,CPI
2010-04-16,167.63820908069474,115.78012539672663,213.7910705409772,CPI
2010-04-23,167.68293377084126,116.8741526560697,219.56334682116713,CPI
2010-04-30,167.71414747411507,120.01368876142988,213.9523833161835,CPI
2010-05-07,167.7306118743178,121.37285442789909,220.79145887743448,CPI
2010-05-14,167.742799059528,117.24334998816082,213.35603676905404,CPI
2010-05-21,167.75687776649568,117.32824799666305,218.35965370822277,CPI
2010-05-28,167.7683067246215,114.47427926824177,216.25746512137226,CPI
2010-06-04,167.77214935498418,117.90011204607558,215.41833955923582,CPI
2010-06-11,167.77370477543207,116.5227787555419,216.1234217827926,CPI
2010-06-18,167.78397571392148,114.88554006770401,218.7301146920441,CPI
2010-06-25,167.80641878596606,116.34367898948445,217.29755156088586,CPI
2010-07-02,167.83339515516138,115.17407301914167,218.74015452484986,CPI
2010-07-09,167.85713355761052,118.1077248659287,219.9164692208849,CPI
2010-07-16,167.88031174978195,119.63358850580354,216.77884361770165,CPI
2010-07-23,167.9122114511886,115.75944853149684,219.85183508196766,CPI
2010-07-30,167.95590024092516,119.91268669540803,219.81637415020253,CPI
2010-08-06,168.0033956892273,117.65717579812393,218.14296542984553,CPI
2010-08-13,168.0445971335099,118.29161952532937,218.1145641729327,CPI
2010-08-20,168.0780640654073,117.82385861749093,217.83577412814208,CPI
2010-08-27,168.11110475757886,122.95341868179763,222.12097973567302,CPI
2010-09-03,168.15227315833928,119.74141564097694,222.91618010699364,CPI
2010-09-10,168.20775196734382,112.42214374595548,219.15981128169966,CPI
2010-09-17,168.28354575786335,118.99649969881078,220.1494811660162,CPI
2010-09-24,168.38438772817275,118.26246213468359,220.12310342318952,CPI
2010-10-01,168.50222333107652,117.24056926587065,220.76442937201827,CPI
2010-10-08,168.61436528064962,114.03089022603766,218.4906596218806,CPI
2010-10-15,168.6973663233947,120.30841883900344,220.63548752478638,CPI
2010-10-22,168.75084573040462,121.11290220394211,220.0676692164693,CPI
2010-10-29,168.79895839601267,117.1538022632981,219.1252508833254,CPI
2010-11-05,168.86571750905279,119.50484840601081,223.05556458804523,CPI
2010-11-12,168.94348853787005,119.22136309398896,222.40407676570024,CPI
2010-11-19,168.99687685370907,119.47450320564207,219.8882684892974,CPI
2010-11-26,169.0064113139685,117.26517673831182,222.19849023920517,CPI
2010-12-03,168.99304212942207,116.46577619475538,220.83717476849353,CPI
2010-12-10,169.00986724408168,113.7430723780749,216.9692046719919,CPI
2010-12-17,169.08469861274116,118.2786544462849,218.69089732051853,CPI
2010-12-24,169.19242520557088,119.74767685908252,220.86878234882352,CPI
2010-12-31,169.27695821752152,114.81215241879612,217.6521908560287,CPI
2011-01-07,169.32751428431936,120.99555688036433,220.84847338950453,CPI
2011-01-14,169.3999343825796,122.16223560662584,220.8331914925988,CPI
2011-01-21,169.56719774322428,120.0396579024846,218.85657312506592,CPI
2011-01-28,169.84596161622474,120.32813546561826,220.43731520152724,CPI
2011-02-04,170.16564316195996,117.92455300819054,220.958254065795,CPI
2011-02-11,170.4319475474004,117.55745216815085,223.88392549518673,CPI
2011-02-18,170.6012790468535,122.64635669003344,218.42584360787262,CPI
2011-02-25,170.70498074889397,121.47146346896821,222.6554892859612,CPI
2011-03-04,170.79873007989335,120.43306677503244,220.9989727411244,CPI
2011-03-11,170.90787096093018,123.29695099768601,221.79861824011792,CPI
2011-03-18,171.01393715287725,124.21873190078139,221.40484565942143,CPI
2011-03-25,171.09063232767505,122.1095910515541,223.4133073562853,CPI
2011-04-01,171.13863845769382,122.61140422885092,219.53935766059217,CPI
2011-04-08,171.18120537150193,120.48710911456952,223.29603334066348,CPI
2011-04-15,171.2347314645239,120.51515505060543,222.5963759806943,CPI
2011-04-22,171.29269111358195,123.51489798281993,220.8141195335976,CPI
2011-04-29,171.33915010508304,125.19621912552562,223.6851150559699,CPI
2011-05-06,171.36985227437674,121.17026965458427,215.90043776454087,CPI
2011-05-13,171.39426171545858,117.6152644655744,221.72740591992363,CPI
2011-05-20,171.42031918884058,119.08174659265589,218.85208370008655,CPI
2011-05-27,171.44499962145943,120.93406114950105,222.77968947602622,CPI
2011-06-03,171.46237172484547,119.74572942274055,223.08547595407197,CPI
2011-06-10,171.47574696408205,122.07011353737347,219.87518253902996,CPI
2011-06-17,171.49607445714759,117.40055988868048,221.84509454541373,CPI
2011-06-24,171.52889633340362,117.398378634469,220.35675071332943,CPI
2011-07-01,171.568053497678,124.68280390696489,220.4512906880056,CPI
2011-07-08,171.6047476606385,119.54681268229348,222.03383086984988,CPI
2011-07-15,171.63960133849295,121.05780024524624,222.57082736636045,CPI
2011-07-22,171.68161733712367,123.35722688906797,219.0406171480729,CPI
2011-07-29,171.73575011451308,121.08061815954667,220.3629207032027,CPI
2011-08-05,171.7956512056114,120.31275960663699,222.57287658228205,CPI
2011-08-12,171.85063633654397,119.98872739324564,221.47313738491533,CPI
2011-08-19,171.8973322930068,120.99972433473856,221.257522623279,CPI
2011-08-26,171.94197945149546,121.87143819393478,226.16560377725858,CPI
2011-09-02,171.99340719818412,123.8991022715828,223.09679644128607,CPI
2011-09-09,172.05813164597558,120.32253257475567,220.60219051030782,CPI
2011-09-16,172.14206633449763,122.27071017485693,224.83732740077173,CPI
2011-09-23,172.25014544092033,121.26224041256465,221.49277984630478,CPI
2011-09-30,172.3777514397041,122.21221488962138,222.60371910123743,CPI
2011-10-07,172.50443907551522,121.57660794595478,217.5542532042581,CPI
2011-10-14,172.6051095058314,123.4528510243597,223.83618924822127,CPI
2011-10-21,172.673481636227,125.10132831948579,224.154158010484,CPI
2011-10-28,172.7310364005109,124.55831300054959,224.58700303363918,CPI
2011-11-04,172.80466351115012,118.70255825483316,227.8099688960658,CPI
2011-11-11,172.8934365462511,120.0955428265287,224.62026835046447,CPI
2011-11-18,172.9646038364273,123.39146066612538,222.58029806394993,CPI
2011-11-25,172.99003717056095,121.03735010653801,220.83631537564622,CPI
2011-12-02,172.98491751736486,123.34007523339349,223.8193206263626,CPI
2011-12-09,173.0007068839218,123.28522999581585,221.89719135324927,CPI
2011-12-16,173.07355631354764,122.64885490513842,221.99779391879105,CPI
2011-12-23,173.18434102996613,125.766433327778,227.5409112827273,CPI
2011-12-30,173.28002022130582,122.71295117400467,219.9127280328211,CPI
2012-01-06,173.33847546853406,122.14383652768456,227.2836160486637,CPI
2012-01-13,173.4053217530531,117.6200322211091,217.3227088701294,CPI
2012-01-20,173.55640719873924,122.6945058168605,222.89258995778906,CPI
2012-01-27,173.8202931551362,122.84734807727231,222.3072178599132,CPI
2012-02-03,174.1415323118103,122.59586386239621,225.1496660337111,CPI
2012-02-10,174.42436630734713,123.1293620897728,223.70495522471106,CPI
2012-02-17,174.61222245183143,126.32585062449701,223.72251754862242,CPI
2012-02-24,174.72370245266242,126.53774937558997,225.97158897622828,CPI
2012-03-02,174.81604444466402,127.06128709205015,226.3686717930224,CPI
2012-03-09,174.92293851304424,124.54198895051923,223.185067688894,CPI
2012-03-16,175.031983394256,126.85473915413743,228.1094948238975,CPI
2012-03-23,175.1149623442831,126.98883555177605,226.3508003876219,CPI
2012-03-30,175.1667067273887,126.55961799698149,224.7478358633034,CPI
2012-04-06,175.2084598406192,124.09835561662264,222.42451942543298,CPI
2012-04-13,175.2598808050001,121.12834215790406,226.21572097192933,CPI
2012-04-20,175.3182742500331,124.8024268749165,231.17774475004944,CPI
2012-04-27,175.36761128599065,124.70166714805315,227.69371093703438,CPI
2012-05-04,175.40067453584751,122.3183015869578,226.80827845157458,CPI
2012-05-11,175.42536177555607,124.9970225296309,222.84753109977456,CPI
2012-05-18,175.45104784781444,123.98052585757597,223.93525308945613,CPI
2012-05-25,175.47652463979585,127.66577571027686,226.53807552744266,CPI
2012-06-01,175.49530957740362,124.86687350104499,227.410096002104,CPI
2012-06-08,175.50866786530062,125.1736437853987,224.6610780657864,CPI
2012-06-15,175.52702160030248,125.90732025231824,226.8091060869662,CPI
2012-06-22,175.55777014062727,123.44654707207755,225.83189484566742,CPI
2012-06-29,175.59656251501445,126.44449537567094,220.88149564049948,CPI
2012-07-06,175.63400836330504,126.23903388279834,225.80077381442797,CPI
2012-07-13,175.66863687960551,122.63535362969701,222.99209799708711,CPI
2012-07-20,175.7087227309048,126.13126659894738,228.23511350017807,CPI
2012-07-27,175.76084787893765,127.91736015755008,227.95319044945253,CPI
2012-08-03,175.82055060317805,127.07724850522783,222.3815040011511,CPI
2012-08-10,175.876978915274,129.40257116823688,226.1948761934679,CPI
2012-08-17,175.9249095193673,124.54686933686979,224.73610971744105,CPI
2012-08-24,175.96924259910958,128.28847867058423,226.76659892360993,CPI
2012-08-31,176.0189122192607,128.58344604163116,227.78727144290414,CPI
2012-09-07,176.0808515199256,127.13924486497129,225.83573838467743,CPI
2012-09-14,176.1608937093918,124.72421912039347,230.77769046790348,CPI
2012-09-21,176.2645788747018,124.81506123227354,229.08734183344225,CPI
2012-09-28,176.38976604815795,126.12871267974555,227.6141625685013,CPI
2012-10-05,176.51862000079896,126.27094941875356,229.51984554342675,CPI
2012-10-12,176.6252214814232,129.86900951550544,226.7629543314901,CPI
2012-10-19,176.69846639000738,123.60456489481234,227.56855500235469,CPI
2012-10-26,176.75565272288443,128.01911612612938,224.7527005453565,CPI
2012-10-28,176.77335524516533,127.46849474473903,226.1275678468972,CPI
2012-11-04,176.8493410431273,130.2127962854432,226.82746445320294,CPI
2012-11-11,176.93812125750165,127.97822280950385,227.10187801094216,CPI
2012-11-18,177.00519407689976,125.39811828806243,227.2846911107678,CPI
2012-11-25,177.02571678520346,125.21081415589495,227.22438361671757,CPI
2012-12-02,177.02013528019273,125.07228378358249,225.9001802650304,CPI
2012-12-09,177.04111950312856,126.82693166144774,230.34333930151246,CPI
2012-12-16,177.11997010122286,127.76457436678633,225.63497924305867,CPI
2012-12-23,177.23170654616027,123.6937806893343,225.40398248961074,CPI
2012-12-30,177.32333099193644,125.02733263937591,226.78460371483672,CPI
2013-01-06,177.3793936843975,130.00187706285993,223.68537714635414,CPI
2013-01-13,177.45182913545892,125.05423721735822,229.9255310753503,CPI
2010-02-05,34.70660931135832,20.523453161587447,48.47998489514995,Temperature
2010-02-12,35.717439561648334,21.937682687778782,49.109452070249326,Temperature
2010-02-19,37.53877682002211,23.670972138063465,52.4400884661735,Temperature
2010-02-26,40.46750858941279,26.410084091935868,54.32603804192881,Temperature
2010-03-05,44.08598335087388,29.441462608510708,57.03662527815673,Temperature
2010-03-12,47.393389324059484,33.907515589962635,62.4485296836347,Temperature
2010-03-19,49.67384469800706,36.51389024787887,62.779728356692985,Temperature
2010-03-26,51.1677461701277,37.73226319163467,65.42509776659462,Temperature
2010-04-02,52.73707120766968,39.05181373127895,66.22894280659078,Temperature
2010-04-09,54.86098943780111,39.58256816974117,68.34637509991796,Temperature
2010-04-16,57.11455929934187,44.194354727899785,71.50286893343063,Temperature
2010-04-23,58.748707121474666,43.81529769186103,72.97475060621446,Temperature
2010-04-30,59.69283559965324,46.23515497999075,73.98892541318362,Temperature
2010-05-07,60.78566925715185,47.80638942054397,73.7709946769569,Temperature
2010-05-14,62.92965451876009,49.544854149326945,77.1766744877393,Temperature
2010-05-21,66.11872104508711,51.84610066523718,79.62342961605788,Temperature
2010-05-28,69.42979068724755,55.82597825148632,82.09353896070992,Temperature
2010-06-04,71.9552981296284,57.06371312908246,87.18507292879944,Temperature
2010-06-11,73.61440077357983,59.969230727028,87.47490718223358,Temperature
2010-06-18,74.96828262179083,60.54134018111327,87.70975632530833,Temperature
2010-06-25,76.50854882694813,63.15503734022265,90.07672908657018,Temperature
2010-07-02,78.06783500244482,62.834799179618855,92.27711339404983,Temperature
2010-07-09,79.16900979124343,65.15394861518622,93.43395087172257,Temperature
2010-07-16,79.60543714875453,66.61543586865686,94.69827313165742,Temperature
2010-07-23,79.7082873955064,65.46417891142748,93.22385140846035,Temperature
2010-07-30,79.81385715220611,65.70373992807947,92.8581190269056,Temperature
2010-08-06,79.892800680408,65.44621083095251,94.2837868332069,Temperature
2010-08-13,79.62468306131208,64.69209535058519,93.91732595662813,Temperature
2010-08-20,78.75206752068169,65.07197565537064,92.20410219609388,Temperature
2010-08-27,77.34702204023165,64.14080651688899,89.4567464876483,Temperature
2010-09-03,75.57244019298278,61.3228687953512,89.71354409020778,Temperature
2010-09-10,73.51423658582421,59.22932761198292,88.13038577256141,Temperature
2010-09-17,71.21956871724922,57.75796315433241,84.01265441118477,Temperature
2010-09-24,68.81729860128564,55.10801723064363,83.26754259416371,Temperature
2010-10-01,66.46243530563103,52.378716991539676,80.05462271084349,Temperature
2010-10-08,64.10272841388891,50.0587098565906,77.64420778073273,Temperature
2010-10-15,61.47966917884052,48.15368625559451,75.88104060102275,Temperature
2010-10-22,58.4586407701396,44.483970297609794,72.42745892785597,Temperature
2010-10-29,55.31309634907811,41.38586075487492,68.88580904447875,Temperature
2010-11-05,52.52968406325505,38.621773087112906,66.74080573076357,Temperature
2010-11-12,50.2741020803433,36.80852791478126,64.86532067109074,Temperature
2010-11-19,48.15628120456542,33.91552140986947,63.11161273021645,Temperature
2010-11-26,45.65625721862427,31.5238537736162,59.08833241994775,Temperature
2010-12-03,42.77638526898937,29.367639198468297,56.797903868088135,Temperature
2010-12-10,40.149768064149185,25.94211873984677,53.807779991296805,Temperature
2010-12-17,38.43284481182065,23.612757995886223,52.864066294025164,Temperature
2010-12-24,37.65606113613531,23.117081941366504,52.10718942263625,Temperature
2010-12-31,37.26396668761087,23.9200841837673,50.69269611463747,Temperature
2011-01-07,36.75898080017226,23.51289113563243,51.16594626852091,Temperature
2011-01-14,36.17161910898683,21.292454611535312,49.26974919562232,Temperature
2011-01-21,35.85763116659723,22.966350676120204,50.04730076126039,Temperature
2011-01-28,35.99096372128662,22.572171212890485,51.23447120367664,Temperature
2011-02-04,36.46166193641811,23.411793023809025,49.34269722915679,Temperature
2011-02-11,37.27562439502306,23.841673226638363,50.03008972310815,Temperature
2011-02-18,38.81309411432525,24.658368528736545,52.4322351067304,Temperature
2011-02-25,41.44655312540055,27.377521650183855,53.79337541959741,Temperature
2011-03-04,44.903714302031226,30.111216941477675,57.883244889037385,Temperature
2011-03-11,48.23682670628955,34.80079841846494,61.461228424429756,Temperature
2011-03-18,50.60903825094487,37.12860748347157,64.65137160789605,Temperature
2011-03-25,52.082281532454154,38.2672078676444,66.36586467862168,Temperature
2011-04-01,53.51660774860257,40.69801433566946,68.71753571473542,Temperature
2011-04-08,55.4855847033705,42.39900059425666,70.12537726813999,Temperature
2011-04-15,57.71329801685955,43.567142153899326,70.99926250815591,Temperature
2011-04-22,59.430320274127816,44.79987074142288,72.82083613571426,Temperature
2011-04-29,60.3935559633552,47.46927736598475,75.06175026134278,Temperature
2011-05-06,61.34651524989202,47.30327271812287,74.82274331562539,Temperature
2011-05-13,63.23651129393894,50.840206982046396,76.96626052005796,Temperature
2011-05-20,66.25604875615399,52.778742504450946,79.59513690346428,Temperature
2011-05-27,69.59386276805948,55.85592249488837,82.95676365900277,Temperature
2011-06-03,72.26042965296514,58.09434438263562,86.62259129610565,Temperature
2011-06-10,74.0075032099503,60.02856663277495,87.47168379722038,Temperature
2011-06-17,75.36197940198517,61.94188056593837,88.05494942632075,Temperature
2011-06-24,76.86350107201346,63.872040917113054,90.58921356709747,Temperature
2011-07-01,78.45469349325734,65.29844125863207,92.59469562379923,Temperature
2011-07-08,79.66546196739057,65.86585245148657,93.75867015497151,Temperature
2011-07-15,80.24086504291193,66.69696944451016,94.09550734446059,Temperature
2011-07-22,80.41108274602561,66.42575199837053,94.60975086823062,Temperature
2011-07-29,80.54421661243421,65.72693382897282,93.67355123387115,Temperature
2011-08-05,80.68623744322284,65.6934382871889,94.16920788865984,Temperature
2011-08-12,80.54288401559535,68.20880653942487,94.36030375313597,Temperature
2011-08-19,79.84261145910074,66.16966371223495,93.95805657836723,Temperature
2011-08-26,78.58566905910362,65.459070445673,92.24029534289245,Temperature
2011-09-02,76.93268437254605,63.76997968014333,90.488783167617,Temperature
2011-09-09,74.98772318498737,60.976094233392885,89.19367764641311,Temperature
2011-09-16,72.79366214651867,58.637405973995335,85.70894696932622,Temperature
2011-09-23,70.46686822413841,57.594949437913286,83.82947272150626,Temperature
2011-09-30,68.16997074404948,54.599448750990256,82.96291002776925,Temperature
2011-10-07,65.89769654220734,52.54549679214185,79.73018001101815,Temperature
2011-10-14,63.411293975141945,48.77892662805065,77.3672188232555,Temperature
2011-10-21,60.524429204490346,45.842968811122944,73.59505631628582,Temperature
2011-10-28,57.43570887951482,43.2300920930291,70.95933764367844,Temperature
2011-11-04,54.63026650730444,41.438569138410784,68.44824080445537,Temperature
2011-11-11,52.365683067558564,38.14976858340366,66.57786401186308,Temperature
2011-11-18,50.33781510410983,35.995710551764525,63.54863304271794,Temperature
2011-11-25,47.9977751084064,34.13126675184993,61.43968099680238,Temperature
2011-12-02,45.22324543411763,31.730764200073832,59.51718530961804,Temperature
2011-12-09,42.56374874419096,28.48314116580226,56.137096628204645,Temperature
2011-12-16,40.730317194357625,26.98383425019701,55.14180011646604,Temperature
2011-12-23,39.88688310254197,26.933606043644595,54.40137697371353,Temperature
2011-12-30,39.54439032981116,26.132035125844634,53.56266600779284,Temperature
2012-01-06,39.14445506572021,24.308040652416604,52.650575278830985,Temperature
2012-01-13,38.61872123364779,24.473043926793864,51.54311919411856,Temperature
2012-01-20,38.30349834758455,24.020592479369714,52.05557146935187,Temperature
2012-01-27,38.43103511267984,24.276325235497872,52.30582061166293,Temperature
2012-02-03,38.921444812916505,24.839057520351492,51.91797871929916,Temperature
2012-02-10,39.7264746819765,26.396272161625898,54.34550270899273,Temperature
2012-02-17,41.08776156759136,27.077925220935494,54.43195708015348,Temperature
2012-02-24,43.51058102234304,29.171748614365953,57.69026648360704,Temperature
2012-03-02,46.86696314248459,32.85885133783981,60.339926815641846,Temperature
2012-03-09,50.28979332111977,36.2231649098167,64.27100634805187,Temperature
2012-03-16,52.79808122339661,39.31725545759944,67.62799236679686,Temperature
2012-03-23,54.32165736776337,41.28878938201602,68.20867372245228,Temperature
2012-03-30,55.602533010446514,42.52455131790849,68.89871973779636,Temperature
2012-04-06,57.366397516651666,43.705563541605066,70.82717860656159,Temperature
2012-04-13,59.50030656456184,46.66482908400915,72.04887021179356,Temperature
2012-04-20,61.25083809396664,47.98352999737061,74.42641673180198,Temperature
2012-04-27,62.21779398130883,47.90016761651151,75.3281282574467,Temperature
2012-05-04,62.96640136994712,47.85764891270523,76.49532815409533,Temperature
2012-05-11,64.51036903623992,50.23461841838253,78.01147674216284,Temperature
2012-05-18,67.23314979084664,53.592742115535906,81.27886022491089,Temperature
2012-05-25,70.46454888080143,56.77135294504225,82.87552979867053,Temperature
2012-06-01,73.16538535694801,59.24038316528191,86.5093262902621,Temperature
2012-06-08,74.920764081635,60.87354509266119,89.29659601019951,Temperature
2012-06-15,76.16240543544708,60.535733689399216,89.83971514608045,Temperature
2012-06-22,77.49024950165307,64.45415596441252,91.5291410036145,Temperature
2012-06-29,78.96392975344008,64.88528530120439,93.74655212814116,Temperature
2012-07-06,80.14289492134556,65.98135743412948,94.3519667288665,Temperature
2012-07-13,80.69511581305204,67.95139854125611,94.31763641523393,Temperature
2012-07-20,80.77524332368849,66.34654579627232,94.67709005516569,Temperature
2012-07-27,80.76680405449814,67.65699797436686,95.21960009560345,Temperature
2012-08-03,80.79075338318432,66.75596634684817,94.50028411499731,Temperature
2012-08-10,80.59214945200333,66.85960870823105,94.96144722705353,Temperature
2012-08-17,79.86751316287425,66.85747877860493,94.48969694327798,Temperature
2012-08-24,78.56737411222045,64.69674285733751,91.91001384545896,Temperature
2012-08-31,76.84215848222081,63.88230361104997,90.70815053697702,Temperature
2012-09-07,74.81419951946503,61.22772145098831,88.41747488638117,Temperature
2012-09-14,72.52738990532927,58.72650665851691,86.96788535092571,Temperature
2012-09-21,70.07927902625967,55.84192549966838,83.52116353751445,Temperature
2012-09-28,67.63776512501659,52.544527009723296,80.66884996376986,Temperature
2012-10-05,65.2417669794019,51.70646972056943,79.73817176870058,Temperature
2012-10-12,62.68233207214798,48.31083803129621,76.19050786974545,Temperature
2012-10-19,59.733512440854945,46.15155943018953,74.3807920929725,Temperature
2012-10-26,56.51595823093414,42.62948350770675,71.23898338883475,Temperature
2012-10-28,55.61047015116086,42.29896250729513,69.12951777887947,Temperature
2012-11-04,52.72769407404674,39.714962379163026,66.53321613635518,Temperature
2012-11-11,50.38035842848258,36.03849588319939,64.37428453653972,Temperature
2012-11-18,48.21118604594143,35.01088994641702,62.43905391261964,Temperature
2012-11-25,45.68580424914164,31.164893439764604,59.16155201966144,Temperature
2012-12-02,42.755938890382865,29.00142356537511,56.75806623863357,Temperature
2012-12-09,40.02365708277685,25.094866513629807,53.95523983061254,Temperature
2012-12-16,38.170130351419985,23.63063446224554,51.44816560956713,Temperature
2012-12-23,37.27930319205147,23.62145261353504,51.49423089801999,Temperature
2012-12-30,36.819626332943535,23.056522817621047,50.05082653342444,Temperature
2013-01-06,36.26701749274781,22.591520144618315,49.78853001229328,Temperature
2013-01-13,35.61313469090946,21.90971860740475,49.65870598834226,Temperature
2010-02-05,0.37949030623425195,0.12902489510313078,0.6245160273046269,Holiday_Flag
2010-02-12,0.47573481502169457,0.23128702315229896,0.7194792452636657,Holiday_Flag
2010-02-19,0.26821823617759144,0.009810755043123828,0.5025944790822663,Holiday_Flag
2010-02-26,-0.009086720406028606,-0.2386469977735983,0.24933292668540186,Holiday_Flag
2010-03-05,-0.10974169356122784,-0.35218638891370196,0.11460975009365376,Holiday_Flag
2010-03-12,-0.026292763128609092,-0.2660977278449664,0.23155854504948914,Holiday_Flag
2010-03-19,0.06408133998991399,-0.1942932521821847,0.31262678311013137,Holiday_Flag
2010-03-26,0.04198820037723314,-0.20957891650445323,0.30267890414339405,Holiday_Flag
2010-04-02,-0.035336899790319815,-0.287901661247955,0.18764982665068944,Holiday_Flag
2010-04-09,-0.05114544356375869,-0.291404488358029,0.20133739011655405,Holiday_Flag
2010-04-16,0.0065093747717589745,-0.24155638246779595,0.25256701019265426,Holiday_Flag
2010-04-23,0.04689664856031367,-0.20531275384117043,0.2852415416013878,Holiday_Flag
2010-04-30,0.014760910169770103,-0.24825987236262195,0.2666866782537949,Holiday_Flag
2010-05-07,-0.03741547668851167,-0.29320486175308225,0.2355545738462643,Holiday_Flag
2010-05-14,-0.03301368645324966,-0.2731446648736144,0.19624247560318286,Holiday_Flag
2010-05-21,0.018518103947290115,-0.2155271923860497,0.2652255110308909,Holiday_Flag
2010-05-28,0.03996983606519508,-0.23239101871504425,0.28428358057671954,Holiday_Flag
2010-06-04,0.0003768063471511762,-0.22890845697800916,0.25374768408316634,Holiday_Flag
2010-06-11,-0.04081909570621173,-0.2851656631607026,0.17974035797936222,Holiday_Flag
2010-06-18,-0.02152378286396668,-0.2891241369652158,0.20780305214049066,Holiday_Flag
2010-06-25,0.030687532112437438,-0.21691011647916092,0.2847075436109068,Holiday_Flag
2010-07-02,0.036821430291574114,-0.2056295356801264,0.27429554210194246,Holiday_Flag
2010-07-09,-0.016199787566637397,-0.28513001974608454,0.23255307397407246,Holiday_Flag
2010-07-16,-0.04967193034265119,-0.28877130529977174,0.17606978651039581,Holiday_Flag
2010-07-23,-0.005885460167183915,-0.25660489589439167,0.2315289046936698,Holiday_Flag
2010-07-30,0.056254578840808145,-0.19224427302976574,0.30428326245854187,Holiday_Flag
2010-08-06,0.032797579080899086,-0.20915988724973103,0.2804623370514613,Holiday_Flag
2010-08-13,-0.06450672802856255,-0.3088093704966296,0.17579571674187708,Holiday_Flag
2010-08-20,-0.08341232114429384,-0.3298683590251167,0.17421472086557396,Holiday_Flag
2010-08-27,0.08833861964947036,-0.16680408413745135,0.3271620923941585,Holiday_Flag
2010-09-03,0.3482222472890056,0.10610993542816076,0.5857916388110601,Holiday_Flag
2010-09-10,0.4521088930306327,0.20178909610365184,0.7100303829216218,Holiday_Flag
2010-09-17,0.28344873767945183,0.02927901416060688,0.5242240756837865,Holiday_Flag
2010-09-24,0.001946965795331268,-0.2386594037648952,0.26122583367488156,Holiday_Flag
2010-10-01,-0.12619911789388122,-0.3897485185016889,0.11135687929884379,Holiday_Flag
2010-10-08,-0.029749170793880925,-0.2846576841071817,0.2204986901181276,Holiday_Flag
2010-10-15,0.098222351861728,-0.13118979680132578,0.3706803339317096,Holiday_Flag
2010-10-22,0.05474559925326493,-0.18704961635550743,0.30345472858254047,Holiday_Flag
2010-10-29,-0.10579927780626339,-0.3473935165295937,0.1484349620859646,Holiday_Flag
2010-11-05,-0.1314973018672076,-0.3744446652594784,0.11805011826887288,Holiday_Flag
2010-11-12,0.1010102569581105,-0.1472891732136866,0.35200146376102753,Holiday_Flag
2010-11-19,0.3984532737647535,0.16140058093329332,0.6573737945396281,Holiday_Flag
2010-11-26,0.4537285134034019,0.19479769538796407,0.6807944343844866,Holiday_Flag
2010-12-03,0.21303763833130196,-0.026884392251347772,0.46568078490734954,Holiday_Flag
2010-12-10,-0.039740107115171466,-0.289802735592057,0.18778733743978124,Holiday_Flag
2010-12-17,-0.003114488014128683,-0.24943760348494257,0.2518620313466081,Holiday_Flag
2010-12-24,0.2858519531177856,0.02828047943235011,0.5161684603980701,Holiday_Flag
2010-12-31,0.48565623102429717,0.2423224894274746,0.7403152353792187,Holiday_Flag
2011-01-07,0.3445757770741512,0.10893001288743114,0.5985653534445832,Holiday_Flag
2011-01-14,-0.0033201019803045795,-0.2501918426418664,0.23734605674986306,Holiday_Flag
2011-01-21,-0.1857379712004117,-0.42793664258618486,0.07001616973560501,Holiday_Flag
2011-01-28,-0.009738040207700777,-0.260961583257986,0.23800362088205904,Holiday_Flag
2011-02-04,0.3315728981487313,0.08509403962345141,0.6011643504004095,Holiday_Flag
2011-02-11,0.48552894941273683,0.24356596215368487,0.7473568780635779,Holiday_Flag
2011-02-18,0.32106081229808925,0.06354332795013112,0.5589463299642959,Holiday_Flag
2011-02-25,0.033820477990244874,-0.2229285471436467,0.2825447944017782,Holiday_Flag
2011-03-04,-0.10705767406792095,-0.3412533383550451,0.1430924653075184,Holiday_Flag
2011-03-11,-0.04589461438522319,-0.3016344109874229,0.20352024896494036,Holiday_Flag
2011-03-18,0.05662410065124239,-0.20717282537048576,0.28337971513438615,Holiday_Flag
2011-03-25,0.05504820560746693,-0.19297389899562187,0.3109317481950582,Holiday_Flag
2011-04-01,-0.02195646191628331,-0.2726311838259334,0.2345711950325914,Holiday_Flag
2011-04-08,-0.05388997256176234,-0.3131608682315036,0.17501551053187925,Holiday_Flag
2011-04-15,-0.0041694451012705,-0.2545956823980736,0.2607266989538839,Holiday_Flag
2011-04-22,0.046196287503823,-0.22060666842529844,0.29717301098136173,Holiday_Flag
2011-04-29,0.02589175994168122,-0.21946184492727566,0.28713676193503185,Holiday_Flag
2011-05-06,-0.029521666167155194,-0.27219127713959357,0.2253584684044565,Holiday_Flag
2011-05-13,-0.03774206723766119,-0.27930062576719755,0.218681195158951,Holiday_Flag
2011-05-20,0.010406670783520172,-0.24034277383427946,0.2592037459175993,Holiday_Flag
2011-05-27,0.042198190098906456,-0.21007878958680637,0.2919295023248033,Holiday_Flag
2011-06-03,0.011154956950472375,-0.2527972190291829,0.26657603453548934,Holiday_Flag
2011-06-10,-0.035971247322706776,-0.28160076804685025,0.20564197995613032,Holiday_Flag
2011-06-17,-0.028460340923755892,-0.27933327066330366,0.2294390062861279,Holiday_Flag
2011-06-24,0.023681735273125608,-0.20880803332635028,0.2790524537546427,Holiday_Flag
2011-07-01,0.04213631173058452,-0.20094241983027278,0.28740761245973806,Holiday_Flag
2011-07-08,-0.0044057158524025,-0.23962449879956732,0.23742857388063626,Holiday_Flag
2011-07-15,-0.04819056164661546,-0.30535510987618075,0.19631616964489046,Holiday_Flag
2011-07-22,-0.01742116197857481,-0.26299187274256314,0.197391829736577,Holiday_Flag
2011-07-29,0.049915281235389575,-0.1942083792844815,0.3043865905239532,Holiday_Flag
2011-08-05,0.045831362657948765,-0.20320290933993793,0.2776558078007284,Holiday_Flag
2011-08-12,-0.04691695182954325,-0.27738737393133567,0.20124927959931999,Holiday_Flag
2011-08-19,-0.09242292774636614,-0.3457170071879176,0.14596303856511647,Holiday_Flag
2011-08-26,0.04577879009923322,-0.20039953099271413,0.29139397870545736,Holiday_Flag
2011-09-02,0.30682127767397904,0.06181106441037711,0.5562434015162562,Holiday_Flag
2011-09-09,0.4543282247277885,0.20431991513669995,0.6958689449411936,Holiday_Flag
2011-09-16,0.330122284139273,0.0721222740971455,0.5799325671786223,Holiday_Flag
2011-09-23,0.0480423629629943,-0.18477269662518767,0.26901026826300384,Holiday_Flag
2011-09-30,-0.12141515707047097,-0.3720842617566767,0.1396978273081949,Holiday_Flag
2011-10-07,-0.05662748524012566,-0.3141682682874412,0.18197228986870323,Holiday_Flag
2011-10-14,0.08491442751661259,-0.16709311678121105,0.32388944780148377,Holiday_Flag
2011-10-21,0.07699289472586916,-0.17463786393386987,0.31792751617517573,Holiday_Flag
2011-10-28,-0.07912599807565741,-0.333344790620526,0.15744347655615762,Holiday_Flag
2011-11-04,-0.14614493543814033,-0.3729310736765882,0.11602036467312035,Holiday_Flag
2011-11-11,0.045700747815899334,-0.1863661405081187,0.2964453221823541,Holiday_Flag
2011-11-18,0.35589232166794493,0.11351759174772762,0.6089562904562749,Holiday_Flag
2011-11-25,0.469344494860488,0.2310426854270855,0.7217001523816761,Holiday_Flag
2011-12-02,0.26797766815300433,0.030218376803206645,0.507389543277534,Holiday_Flag
2011-12-09,-0.01020573283680784,-0.2580486989262316,0.2292726991799574,Holiday_Flag
2011-12-16,-0.034774058946160424,-0.2869665792057719,0.22690596879291794,Holiday_Flag
2011-12-23,0.22944419181339346,-0.02126073670044051,0.4642386394322734,Holiday_Flag
2011-12-30,0.472081244884132,0.22512457544869996,0.6961589814872529,Holiday_Flag
2012-01-06,0.39395714992696956,0.14702931349980175,0.6468087786513015,Holiday_Flag
2012-01-13,0.05735350776408625,-0.19348836160377728,0.31725450247726067,Holiday_Flag
2012-01-20,-0.1791004586141136,-0.43558169441041844,0.06772846588402229,Holiday_Flag
2012-01-27,-0.06337628093021097,-0.3155607001458574,0.17849418314646096,Holiday_Flag
2012-02-03,0.27511188881140813,0.03555005307442085,0.5342577146784802,Holiday_Flag
2012-02-10,0.48232587695185597,0.24253905883623783,0.7316825945433638,Holiday_Flag
2012-02-17,0.3679644577110801,0.11616637394375777,0.6113898433683376,Holiday_Flag
2012-02-24,0.08028081028565022,-0.15986055234234225,0.326067537805512,Holiday_Flag
2012-03-02,-0.09902368371223352,-0.3551039582282509,0.15360665912110277,Holiday_Flag
2012-03-09,-0.06595970659979641,-0.3185955699722218,0.18184888366969637,Holiday_Flag
2012-03-16,0.04362668961430349,-0.2160299691195162,0.2760086426034752,Holiday_Flag
2012-03-23,0.063799956266002,-0.1949542880591162,0.30505831429753216,Holiday_Flag
2012-03-30,-0.008448861631307925,-0.24635680730926457,0.24758070453669548,Holiday_Flag
2012-04-06,-0.05520966874999658,-0.29072201722261976,0.19746669071314527,Holiday_Flag
2012-04-13,-0.0163798471571409,-0.2578772532664907,0.23216840853784712,Holiday_Flag
2012-04-20,0.04142477250745749,-0.222274400369738,0.2924011890923959,Holiday_Flag
2012-04-27,0.034323726683783126,-0.21376771222434715,0.27347312144530017,Holiday_Flag
2012-05-04,-0.02127947744616958,-0.25968114558401045,0.21824692656111774,Holiday_Flag
2012-05-11,-0.041766059142720316,-0.27831144667109525,0.21875718149367676,Holiday_Flag
2012-05-18,0.00037106106666243144,-0.2557887018561862,0.24561010531234284,Holiday_Flag
2012-05-25,0.040845133455186214,-0.19092768828975443,0.26534590350659265,Holiday_Flag
2012-06-01,0.02010475441059363,-0.24806626044539148,0.2728943919719683,Holiday_Flag
2012-06-08,-0.030320207829320794,-0.27556746142289745,0.20451188536520412,Holiday_Flag
2012-06-15,-0.034911250804792474,-0.26489786948209704,0.21057130623528658,Holiday_Flag
2012-06-22,0.01433319467011785,-0.24337050441336552,0.2559540016141791,Holiday_Flag
2012-06-29,0.043977253762513276,-0.1883762575619613,0.29796587280289427,Holiday_Flag
2012-07-06,0.006414206017459234,-0.23827496541880772,0.24203789435283365,Holiday_Flag
2012-07-13,-0.0449849802491441,-0.2847746900038708,0.18512892225130437,Holiday_Flag
2012-07-20,-0.02851904273772503,-0.29268396273540603,0.22005546335552073,Holiday_Flag
2012-07-27,0.040100844102058844,-0.1897773348501105,0.27793163398395415,Holiday_Flag
2012-08-03,0.05466558438360787,-0.19379558102687686,0.29706148957426587,Holiday_Flag
2012-08-10,-0.028690295779774153,-0.29090365396017165,0.2239821900229103,Holiday_Flag
2012-08-17,-0.09578174526250632,-0.33751637756775754,0.16154538492133083,Holiday_Flag
2012-08-24,0.006921277068420481,-0.26448930936088066,0.24942030128989984,Holiday_Flag
2012-08-31,0.2608482380021332,0.027047313305205118,0.5007291133034499,Holiday_Flag
2012-09-07,0.4463641266434617,0.20204960822086382,0.6989393541438571,Holiday_Flag
2012-09-14,0.37062709214925627,0.11592879555003806,0.635881502208028,Holiday_Flag
2012-09-21,0.09757547739584864,-0.14710343246341961,0.3519278513905937,Holiday_Flag
2012-09-28,-0.10886882779508311,-0.34614956425102017,0.14591305759267192,Holiday_Flag
2012-10-05,-0.08137489224848933,-0.3341244867520012,0.15580917854763798,Holiday_Flag
2012-10-12,0.06564116429198129,-0.17733149531728074,0.31980479646938115,Holiday_Flag
2012-10-19,0.093320552067447,-0.1538433523497811,0.352507115565666,Holiday_Flag
2012-10-26,-0.04982667102602488,-0.2845250855675032,0.20902200748817729,Holiday_Flag
2012-10-28,-0.09559887048391469,-0.34902861612987973,0.15193955001258186,Holiday_Flag
2012-11-04,-0.13849069112077667,-0.3744619781558225,0.12771984133466682,Holiday_Flag
2012-11-11,0.0784409236728684,-0.17891542512111935,0.32716674146398933,Holiday_Flag
2012-11-18,0.38229653033926975,0.13345002384492094,0.6198292646165596,Holiday_Flag
2012-11-25,0.4611901663046314,0.19325677952155018,0.699154318165903,Holiday_Flag
2012-12-02,0.23508672684006535,-6.386121395707183e-05,0.4848541735904169,Holiday_Flag
2012-12-09,-0.02922815562715235,-0.2774199876876396,0.2430495922103969,Holiday_Flag
2012-12-16,-0.01709197328928759,-0.2555766333226638,0.21337764263597664,Holiday_Flag
2012-12-23,0.26336093188990883,0.020450638192381163,0.5090194619395475,Holiday_Flag
2012-12-30,0.48145900666296276,0.242168579530965,0.747455194565906,Holiday_Flag
2013-01-06,0.36511827588333007,0.13142657976614108,0.6208007209651597,Holiday_Flag
2013-01-13,0.02016200922513768,-0.2495766588583681,0.2647012998600301,Holiday_Flag
2010-02-05,2.6613172722997,2.4558665464924196,2.8785869624004863,Fuel_Price
2010-02-12,2.6537244723826405,2.439177287872811,2.8731455012216545,Fuel_Price
2010-02-19,2.664690282174645,2.440965057182182,2.885144654316523,Fuel_Price
2010-02-26,2.7019362337991737,2.4878745552242383,2.9134512856804724,Fuel_Price
2010-03-05,2.753752447331872,2.5337510692955747,2.971567311406574,Fuel_Price
2010-03-12,2.8004603632205898,2.5732745386096925,2.9970084650071978,Fuel_Price
2010-03-19,2.827440852813868,2.589473039352741,3.030834321536727,Fuel_Price
2010-03-26,2.8389451234363956,2.6205514428988272,3.058022288663727,Fuel_Price
2010-04-02,2.8466350886265572,2.6336423262037676,3.067256205675792,Fuel_Price
2010-04-09,2.8552009013936064,2.6352570764942698,3.0712191524723225,Fuel_Price
2010-04-16,2.894311589410425,2.6776530159076275,3.0973632331970236,Fuel_Price
2010-04-23,2.9220545900850965,2.71997124210918,3.1365516226502552,Fuel_Price
2010-04-30,2.9370397910123103,2.71774244788693,3.1562577869806105,Fuel_Price
2010-05-07,2.9402169220168526,2.723933162124991,3.1640440326416184,Fuel_Price
2010-05-14,2.935145576215942,2.698375656768733,3.1345289731903776,Fuel_Price
2010-05-21,2.9106689740840146,2.690343215008646,3.123704061927231,Fuel_Price
2010-05-28,2.869485534321212,2.6481068459976305,3.080773191928344,Fuel_Price
2010-06-04,2.8248046368425532,2.6146149613727085,3.0438903383857703,Fuel_Price
2010-06-11,2.7905487894045216,2.576987235891974,3.0166417694077348,Fuel_Price
2010-06-18,2.769185990510237,2.5543214263802048,2.9838770027259987,Fuel_Price
2010-06-25,2.7530675737108226,2.535773977869596,2.967731671154909,Fuel_Price
2010-07-02,2.7392487063389708,2.511407311707252,2.9752459956324353,Fuel_Price
2010-07-09,2.7395279357357776,2.527473774986056,2.97525249227331,Fuel_Price
2010-07-16,2.7210327300624675,2.5048332067915515,2.926886709895288,Fuel_Price
2010-07-23,2.7358835297059407,2.520529769049895,2.9580787166257196,Fuel_Price
2010-07-30,2.7639157326124937,2.552460731810292,2.979488554084192,Fuel_Price
2010-08-06,2.7790970539913964,2.559465282903429,2.990871791207786,Fuel_Price
2010-08-13,2.773243410560938,2.5518372952043316,2.9886174310036266,Fuel_Price
2010-08-20,2.7611274055472297,2.5442985066602612,2.972287818016772,Fuel_Price
2010-08-27,2.76153896020213,2.5470612516944953,2.9542774007378134,Fuel_Price
2010-09-03,2.7756989274942327,2.552815507245099,2.996310358735718,Fuel_Price
2010-09-10,2.786557984700665,2.5762587291944756,2.9892534664394113,Fuel_Price
2010-09-17,2.778135530284975,2.5581746713556845,2.998965396282384,Fuel_Price
2010-09-24,2.7751036748975553,2.5617068650466033,2.9959729327463753,Fuel_Price
2010-10-01,2.770351593617529,2.552525206087792,2.990365172990075,Fuel_Price
2010-10-08,2.776641920550348,2.5628755354056536,2.9803549472693986,Fuel_Price
2010-10-15,2.7932309797072112,2.5786737168396976,3.0000060139733846,Fuel_Price
2010-10-22,2.821936755926003,2.5919582509020436,3.045512740346435,Fuel_Price
2010-10-29,2.8475872446117942,2.6274040192369306,3.07847147849524,Fuel_Price
2010-11-05,2.8718144305569875,2.6520962002398174,3.0816648317127573,Fuel_Price
2010-11-12,2.896014475813587,2.6825065115861233,3.1156805360203994,Fuel_Price
2010-11-19,2.9167637783016307,2.6686075329565897,3.1367604648966787,Fuel_Price
2010-11-26,2.9301760478990033,2.6954611181728514,3.1468197924392594,Fuel_Price
2010-12-03,2.938507595431206,2.708013551215426,3.1636765308913466,Fuel_Price
2010-12-10,2.9492440593422464,2.7438240209633435,3.1612969861693943,Fuel_Price
2010-12-17,2.9673473648906104,2.7540491124976136,3.1796901505127106,Fuel_Price
2010-12-24,2.9910430992402235,2.7645086606611007,3.1950531715259873,Fuel_Price
2010-12-31,3.0164276036138,2.784965464250142,3.2373760875354725,Fuel_Price
2011-01-07,3.0437540325562633,2.8298585714113385,3.265980117215297,Fuel_Price
2011-01-14,3.0758937415281493,2.863083352304636,3.3014448491886963,Fuel_Price
2011-01-21,3.1109799265715408,2.901691216888694,3.3344630444543135,Fuel_Price
2011-01-28,3.1408833881842155,2.9205321475907238,3.3631356456322723,Fuel_Price
2011-02-04,3.160625603568066,2.9442069059999536,3.3737042107848367,Fuel_Price
2011-02-11,3.1783498532850234,2.955113280274871,3.3930953304926708,Fuel_Price
2011-02-18,3.2116904393639762,2.9949637322949063,3.429562836152283,Fuel_Price
2011-02-25,3.2912956560980398,3.061102172521912,3.5072974803839765,Fuel_Price
2011-03-04,3.388792792260566,3.184533194877822,3.5988282117599395,Fuel_Price
2011-03-11,3.4829870536495555,3.2631254127072142,3.683932375954911,Fuel_Price
2011-03-18,3.5584611846823964,3.3354616609419874,3.780779276423871,Fuel_Price
2011-03-25,3.616705511729283,3.4008234781592925,3.836750748351142,Fuel_Price
2011-04-01,3.680790844850429,3.4627063950195955,3.8922230182639677,Fuel_Price
2011-04-08,3.7457698571374336,3.538251173574533,3.9678305664523568,Fuel_Price
2011-04-15,3.8076242419005566,3.601446575886042,4.020424856548192,Fuel_Price
2011-04-22,3.85900910301338,3.637994274144339,4.095220327515377,Fuel_Price
2011-04-29,3.8975061251177094,3.6773043030570287,4.115514618832794,Fuel_Price
2011-05-06,3.9241924692234287,3.7148876964273185,4.154571262816171,Fuel_Price
2011-05-13,3.9370169614536836,3.713573673146713,4.166429851369198,Fuel_Price
2011-05-20,3.9310004597711,3.713208039488446,4.152286987986375,Fuel_Price
2011-05-27,3.906938260803538,3.684521413726875,4.122219616987477,Fuel_Price
2011-06-03,3.8475204954573603,3.6227259984158358,4.0759182127607305,Fuel_Price
2011-06-10,3.796638768238779,3.58170849610381,4.018073614327765,Fuel_Price
2011-06-17,3.759230763361845,3.545058292258386,3.9754437564200007,Fuel_Price
2011-06-24,3.7285823798651805,3.505496813085338,3.9501924236193693,Fuel_Price
2011-07-01,3.6997447947722617,3.4851392157363725,3.920607184246849,Fuel_Price
2011-07-08,3.6599174923580895,3.4296866781435646,3.8809699559139403,Fuel_Price
2011-07-15,3.6487877297609645,3.4308821786562613,3.8687513528114623,Fuel_Price
2011-07-22,3.6723711387636917,3.4742090819388274,3.9002228702437836,Fuel_Price
2011-07-29,3.713894863564668,3.4989436089110924,3.925457580785842,Fuel_Price
2011-08-05,3.7224928947471216,3.5067234396701004,3.9462680332478843,Fuel_Price
2011-08-12,3.709610186150128,3.477190683980014,3.9350794649992022,Fuel_Price
2011-08-19,3.6867815918220304,3.4867310357487726,3.908004667703546,Fuel_Price
2011-08-26,3.6739762954697843,3.447180537847487,3.896465540172981,Fuel_Price
2011-09-02,3.6763720996031597,3.467565982880996,3.8979060977169477,Fuel_Price
2011-09-09,3.6791092702191666,3.4600911641601093,3.8816561699175818,Fuel_Price
2011-09-16,3.6643766790838583,3.4318471101548385,3.859704339732422,Fuel_Price
2011-09-23,3.6303556338559275,3.4022196827384166,3.8377188541227008,Fuel_Price
2011-09-30,3.5914898286811434,3.3775241388141435,3.813422826082014,Fuel_Price
2011-10-07,3.5622948184385534,3.345759541865632,3.786258329464385,Fuel_Price
2011-10-14,3.544442783634274,3.3139027349652777,3.754452328683858,Fuel_Price
2011-10-21,3.5298829546262853,3.312003152624497,3.740144687610543,Fuel_Price
2011-10-28,3.5125651383068024,3.288235754424974,3.7359746892338714,Fuel_Price
2011-11-04,3.4933090657448753,3.281886532127486,3.726757464023429,Fuel_Price
2011-11-11,3.474113302263262,3.266982421716192,3.6844991289337305,Fuel_Price
2011-11-18,3.4523367549451387,3.2567665230074905,3.6630984295559443,Fuel_Price
2011-11-25,3.4235824425475365,3.1943440875961273,3.6362271183078096,Fuel_Price
2011-12-02,3.3887988745796274,3.1583927487453085,3.606185381469527,Fuel_Price
2011-12-09,3.35502683003236,3.150428025659545,3.5549246735235727,Fuel_Price
2011-12-16,3.343285821617529,3.1011089564467467,3.564695213321504,Fuel_Price
2011-12-23,3.3378331854282717,3.127826723063799,3.5560248552700506,Fuel_Price
2011-12-30,3.33457489196702,3.125111941636865,3.562931120822006,Fuel_Price
2012-01-06,3.332848357169079,3.123835618055556,3.5476465769325807,Fuel_Price
2012-01-13,3.3694222828184133,3.1451196758401614,3.5870209285461154,Fuel_Price
2012-01-20,3.409848199373958,3.179519311144752,3.6316809987389487,Fuel_Price
2012-01-27,3.4466855214752035,3.243832435854273,3.6636237072552964,Fuel_Price
2012-02-03,3.4734561782192177,3.246785017294672,3.6894966336192425,Fuel_Price
2012-02-10,3.4957235062528844,3.2643388034990264,3.706956531057334,Fuel_Price
2012-02-17,3.530430695554815,3.3064936538208394,3.7456576661452656,Fuel_Price
2012-02-24,3.5907797830043453,3.354580418642232,3.8080748937386955,Fuel_Price
2012-03-02,3.671897112222713,3.4569932170280597,3.8810248861369168,Fuel_Price
2012-03-09,3.75362722018686,3.5485513973587914,3.965337479431788,Fuel_Price
2012-03-16,3.8086470130733705,3.5889025235712113,4.033612514823199,Fuel_Price
2012-03-23,3.8450266942234963,3.63489196318029,4.063221082763946,Fuel_Price
2012-03-30,3.8736016947598784,3.660028539686521,4.104681090074723,Fuel_Price
2012-04-06,3.902708957246084,3.6953996109072773,4.123032468159289,Fuel_Price
2012-04-13,3.929968163769489,3.7116946999491733,4.13258807359257,Fuel_Price
2012-04-20,3.9452918328934024,3.7016289817933514,4.158860018183751,Fuel_Price
2012-04-27,3.9477257413696596,3.7311748922748835,4.17217567057332,Fuel_Price
2012-05-04,3.9382244423340125,3.7155579879664318,4.154617758401664,Fuel_Price
2012-05-11,3.9155973028137283,3.700066278095785,4.112937102068978,Fuel_Price
2012-05-18,3.8748877324720166,3.662676874549354,4.087122224109681,Fuel_Price
2012-05-25,3.815182686281498,3.6094228827902204,4.031975735967445,Fuel_Price
2012-06-01,3.746443505304903,3.524671822992023,3.962217838369377,Fuel_Price
2012-06-08,3.6840004063701692,3.4695509500814663,3.893735721192807,Fuel_Price
2012-06-15,3.635192583994257,3.412889417679316,3.857517764806487,Fuel_Price
2012-06-22,3.5947177176576988,3.3666924410107106,3.8171684842021683,Fuel_Price
2012-06-29,3.5560739702029367,3.327666546424355,3.7710355648198783,Fuel_Price
2012-07-06,3.52578043636722,3.3137253522106707,3.7323777682140236,Fuel_Price
2012-07-13,3.521279133468376,3.308298766662548,3.7474611545416376,Fuel_Price
2012-07-20,3.552058717334417,3.335321698828201,3.7641384189039426,Fuel_Price
2012-07-27,3.605178421580292,3.392081605450424,3.8145825597018987,Fuel_Price
2012-08-03,3.6537552776480733,3.4335859916883904,3.8763345261647935,Fuel_Price
2012-08-10,3.6812502078171154,3.4611480225424356,3.9080581161346393,Fuel_Price
2012-08-17,3.6954074526432357,3.4814647504667118,3.9198060307072926,Fuel_Price
2012-08-24,3.7165568166241885,3.507255076519508,3.921625353553073,Fuel_Price
2012-08-31,3.7536531525828027,3.543009660566955,3.987277953390184,Fuel_Price
2012-09-07,3.794634392932559,3.591776566447435,4.006295457019476,Fuel_Price
2012-09-14,3.8205253339523217,3.6177257078425593,4.020692356952242,Fuel_Price
2012-09-21,3.825966885143707,3.621644160592769,4.042447555150748,Fuel_Price
2012-09-28,3.8234298028142453,3.587513724733408,4.0383425689466455,Fuel_Price
2012-10-05,3.82873241702828,3.619800804013551,4.048933434310379,Fuel_Price
2012-10-12,3.846086843771862,3.622779011993209,4.055399057741299,Fuel_Price
2012-10-19,3.868347943123965,3.6527202535487855,4.097836395812486,Fuel_Price
2012-10-26,3.8884006804564812,3.6792507130065144,4.110556839631456,Fuel_Price
2012-10-28,3.893556464964448,3.6796526712279154,4.099498389094952,Fuel_Price
2012-11-04,3.911040624158816,3.687527918553882,4.121806150851566,Fuel_Price
2012-11-11,3.9285544480967927,3.710947018920722,4.157707635727929,Fuel_Price
2012-11-18,3.9429709462611044,3.7447768334218265,4.170398186106355,Fuel_Price
2012-11-25,3.9501594767927752,3.720447908337709,4.1818496404274965,Fuel_Price
2012-12-02,3.9518633374525964,3.722657366906472,4.204055392282534,Fuel_Price
2012-12-09,3.955422921703945,3.725304456393873,4.205496653767438,Fuel_Price
2012-12-16,3.966221442989015,3.716736165457663,4.214459016525252,Fuel_Price
2012-12-23,3.9829022724013248,3.7385190161690693,4.251833702736361,Fuel_Price
2012-12-30,4.001456454420572,3.727388011250786,4.271728137776759,Fuel_Price
2013-01-06,4.021774011904018,3.7372640726053783,4.29717014894095,Fuel_Price
2013-01-13,4.0467738123732415,3.741592571200308,4.346084496633972,Fuel_Price
2010-02-05,8.595111682161004,6.339450240351219,10.907885911934686,Unemployment
2010-02-12,8.598912306632588,6.365267620615891,11.140272972030855,Unemployment
2010-02-19,8.591417460562798,6.33717114015094,10.83520746828583,Unemployment
2010-02-26,8.591399693508546,6.476344541131028,11.006160612752195,Unemployment
2010-03-05,8.605052832968198,6.331648191155637,11.006345887705788,Unemployment
2010-03-12,8.618796537822577,6.305891236529978,11.009158432714003,Unemployment
2010-03-19,8.613103497554176,6.209779523669879,10.723059353604453,Unemployment
2010-03-26,8.5821051180718,6.127887048735205,10.90403289667504,Unemployment
2010-04-02,8.539782130775823,6.266043706184124,11.03185122240598,Unemployment
2010-04-09,8.508078085209169,6.051839926887542,10.839757548070649,Unemployment
2010-04-16,8.499318984835757,6.245488866633922,11.039495371099736,Unemployment
2010-04-23,8.508763585681425,6.290381313107279,10.776481172412224,Unemployment
2010-04-30,8.521900489800743,6.201069067941592,10.890414519146209,Unemployment
2010-05-07,8.527790781960801,6.187030498791347,10.900549800329436,Unemployment
2010-05-14,8.526438505255978,6.108707928337205,10.73836663363963,Unemployment
2010-05-21,8.525601413739762,6.175210218974341,10.79356007898815,Unemployment
2010-05-28,8.531892486177421,6.147030258091577,10.91215627028803,Unemployment
2010-06-04,8.544287382367283,6.047524267697547,10.84162198579031,Unemployment
2010-06-11,8.554475784362182,6.350696052751083,11.021748235165616,Unemployment
2010-06-18,8.552766725959188,6.23259705761102,10.847262331825219,Unemployment
2010-06-25,8.535008438865951,6.3135600374535095,10.8919541248186,Unemployment
2010-07-02,8.506126528561243,6.210938544487015,10.730216838225376,Unemployment
2010-07-09,8.478079148282841,6.1847495626218185,10.802226094832356,Unemployment
2010-07-16,8.463068998464562,5.96192173063549,10.922617509406297,Unemployment
2010-07-23,8.465875171168863,6.203167407859334,10.925005923162646,Unemployment
2010-07-30,8.480569876615379,6.0791861457911915,10.772138651026268,Unemployment
2010-08-06,8.49478638334676,6.232074685857132,10.904781494400492,Unemployment
2010-08-13,8.49930953495193,5.957690868148327,10.808150343581769,Unemployment
2010-08-20,8.495722007836502,6.23277780682334,10.807974610033487,Unemployment
2010-08-27,8.495004609334506,6.130052250970731,10.764878839594004,Unemployment
2010-09-03,8.506755244119065,6.274326032911381,10.894108918853055,Unemployment
2010-09-10,8.527413488815712,6.287162288368162,10.78708840341007,Unemployment
2010-09-17,8.538720939040608,6.177862846028516,10.972017945605309,Unemployment
2010-09-24,8.520453618154912,6.318981472291068,10.86534851655588,Unemployment
2010-10-01,8.46877355281352,6.195092988798717,10.812015165308997,Unemployment
2010-10-08,8.404305926910833,6.051026429882631,10.932338588037947,Unemployment
2010-10-15,8.360398053086291,6.032544626108216,10.90959822824765,Unemployment
2010-10-22,8.358640730193246,6.090997771157597,10.905418879613066,Unemployment
2010-10-29,8.391612385757057,6.21828444661043,10.708710897805677,Unemployment
2010-11-05,8.428893178547188,6.202831871361283,10.636734230785718,Unemployment
2010-11-12,8.442791746439744,6.142903955293191,10.646252765667944,Unemployment
2010-11-19,8.431625781789185,6.226749238937718,10.601188935746281,Unemployment
2010-11-26,8.418941006595427,6.114601358362641,10.576110739824186,Unemployment
2010-12-03,8.428403026351692,6.028828457777566,10.848308885858323,Unemployment
2010-12-10,8.457363455473503,6.218093515972794,10.771608020920501,Unemployment
2010-12-17,8.474945712616183,5.991036902761701,10.71375146738939,Unemployment
2010-12-24,8.448280016327095,6.328654988333543,10.752347723207517,Unemployment
2010-12-31,8.373630838784944,5.9742746515284,10.84763238921633,Unemployment
2011-01-07,8.283332003610884,6.012968407391786,10.613256748112775,Unemployment
2011-01-14,8.221358614440016,5.949434219591223,10.575649724399396,Unemployment
2011-01-21,8.209275708345515,5.917596065954564,10.460199902205314,Unemployment
2011-01-28,8.232038831294346,5.873167554347085,10.619461100882349,Unemployment
2011-02-04,8.257480953797502,6.040711245154298,10.645857892540178,Unemployment
2011-02-11,8.264135425710247,5.855159589187049,10.520222460022863,Unemployment
2011-02-18,8.256524072947787,5.961439848748394,10.63589354236996,Unemployment
2011-02-25,8.25226971869246,5.860312296858297,10.500871808553548,Unemployment
2011-03-04,8.262134272643365,6.215386306958213,10.738140418269028,Unemployment
2011-03-11,8.275550394427544,6.111379613359882,10.599600769207852,Unemployment
2011-03-18,8.27249090143805,5.880452890214738,10.64696641915029,Unemployment
2011-03-25,8.243631196213096,5.744611173570845,10.572003550845256,Unemployment
2011-04-01,8.19850121051883,5.833602794881114,10.650446075461707,Unemployment
2011-04-08,8.160330324962505,5.78083608811921,10.422698769910209,Unemployment
2011-04-15,8.144149974925407,5.828536266475963,10.503357248588015,Unemployment
2011-04-22,8.148101076124442,5.798136567795724,10.404789825766786,Unemployment
2011-04-29,8.158438041294605,5.735607828935487,10.49477118714937,Unemployment
2011-05-06,8.161370909420663,5.912446066999049,10.554420509619009,Unemployment
2011-05-13,8.156278231836222,5.7441223082090325,10.50491176416932,Unemployment
2011-05-20,8.150131667610314,5.909577736817358,10.455567195737375,Unemployment
2011-05-27,8.150386257033384,5.677660878774823,10.496373254492974,Unemployment
2011-06-03,8.156190995174244,5.893404555799674,10.514617483951609,Unemployment
2011-06-10,8.161587084066474,5.717126543737479,10.450852171919593,Unemployment
2011-06-17,8.156585798108338,5.784592763724727,10.540266354598174,Unemployment
2011-06-24,8.135644613237261,5.834609665457796,10.415940938249035,Unemployment
2011-07-01,8.102049724655968,5.912062711436831,10.576872477281174,Unemployment
2011-07-08,8.065573476871513,5.848814528626767,10.433158805591038,Unemployment
2011-07-15,8.040306940764072,5.738575510343019,10.282836292907206,Unemployment
2011-07-22,8.032786671829822,5.631073888615842,10.30862425642582,Unemployment
2011-07-29,8.038908307610665,5.769825640292211,10.387564769810364,Unemployment
2011-08-05,8.04566381996633,5.702695384543829,10.494435382083843,Unemployment
2011-08-12,8.04371063047921,5.7819860456849215,10.252365744297663,Unemployment
2011-08-19,8.032487823795721,5.694245539938112,10.309632814537746,Unemployment
2011-08-26,8.021884867449407,5.706547074879702,10.333027604715028,Unemployment
2011-09-02,8.022739029410102,5.745900988990978,10.41586655540073,Unemployment
2011-09-09,8.033821218671306,5.763912584550393,10.489723491088306,Unemployment
2011-09-16,8.039480338453954,5.685966447478638,10.535229052733104,Unemployment
2011-09-23,8.01846052640457,5.5520669383346215,10.30295491801235,Unemployment
2011-09-30,7.962908002031833,5.510898278065451,10.190789500931796,Unemployment
2011-10-07,7.889355305244585,5.650902600954745,10.120253562334478,Unemployment
2011-10-14,7.830530668697908,5.537172425909708,10.190426289885824,Unemployment
2011-10-21,7.811885392909031,5.508792002048385,9.917947796552786,Unemployment
2011-10-28,7.831497467239785,5.613895469288866,10.118930610423925,Unemployment
2011-11-04,7.861515680506661,5.464690496807698,10.190346260070294,Unemployment
2011-11-11,7.87162924423459,5.541834323967195,10.211596861916854,Unemployment
2011-11-18,7.854712167987634,5.516449460086929,10.215424743374767,Unemployment
2011-11-25,7.831153345237607,5.475030208126508,10.104607896728234,Unemployment
2011-12-02,7.826893993857134,5.43069595220687,10.152483682023972,Unemployment
2011-12-09,7.845053320496373,5.498915743979895,10.214726801436903,Unemployment
2011-12-16,7.858499392601848,5.5328303465472315,10.072781202865922,Unemployment
2011-12-23,7.832149438629667,5.515098008892179,10.211059198353897,Unemployment
2011-12-30,7.755580546139739,5.39369477026496,10.030837030191634,Unemployment
2012-01-06,7.6557191960758555,5.320220727021704,9.917679005110655,Unemployment
2012-01-13,7.577114491065109,5.3900577932569895,9.863705799417176,Unemployment
2012-01-20,7.5472234841323,5.103113891932361,9.728089954565908,Unemployment
2012-01-27,7.557641143493279,5.202398498978613,9.821558160463457,Unemployment
2012-02-03,7.576575544138308,5.408836298926873,10.118476989781882,Unemployment
2012-02-10,7.578711688786029,5.235557453445755,9.839588073253344,Unemployment
2012-02-17,7.564099050226688,5.368250534323902,9.83858284554315,Unemployment
2012-02-24,7.5506639395720185,5.161176928089727,9.888885664235836,Unemployment
2012-03-02,7.551086826701793,5.101569463629729,9.950663423376632,Unemployment
2012-03-09,7.558193421970095,5.364419037363741,9.92957380458008,Unemployment
2012-03-16,7.552159334462097,5.390358496816788,9.837361547117366,Unemployment
2012-03-23,7.520529678413458,5.280285566321245,9.87347023791747,Unemployment
2012-03-30,7.470751017956776,5.065332638186813,9.675185511304758,Unemployment
2012-04-06,7.42402907403246,5.089007398371796,9.613096303490668,Unemployment
2012-04-13,7.397760342671392,5.0025311213800965,9.716519897719255,Unemployment
2012-04-20,7.393148591639594,5.07462017207494,9.743577702060076,Unemployment
2012-04-27,7.397672067597407,5.031796968466461,9.508278930739829,Unemployment
2012-05-04,7.397755065160666,4.925637412588433,9.518401798869139,Unemployment
2012-05-11,7.389335482928451,5.095035320681266,9.737934638928415,Unemployment
2012-05-18,7.378304362867633,4.959195117899578,9.552997549099018,Unemployment
2012-05-25,7.372707382901401,4.984839957261715,9.623108910700262,Unemployment
2012-06-01,7.374588466742729,5.074223460204733,9.52899769267496,Unemployment
2012-06-08,7.377769150953551,5.012730628963018,9.595683554759075,Unemployment
2012-06-15,7.3722020585517525,5.052190827097648,9.704199587129912,Unemployment
2012-06-22,7.35110084528738,5.092616355525698,9.546999103977802,Unemployment
2012-06-29,7.31607930384931,5.061741794196001,9.615602828382231,Unemployment
2012-07-06,7.277171578009721,4.952465007365757,9.540402774052023,Unemployment
2012-07-13,7.247438038860117,4.71075349702216,9.627629671653082,Unemployment
2012-07-20,7.23502069715643,4.742590674542406,9.509950250500719,Unemployment
2012-07-27,7.237733830608382,4.778366321530672,9.473936340010916,Unemployment
2012-08-03,7.244567640940793,4.9275561921444675,9.531045327147538,Unemployment
2012-08-10,7.2440176424929055,5.153137107760502,9.655726244434794,Unemployment
2012-08-17,7.233401599200555,5.008198439618969,9.514674782764905,Unemployment
2012-08-24,7.221194837355398,5.0204696594213525,9.631415442346647,Unemployment
2012-08-31,7.219043102203279,4.891251633903102,9.413473800718613,Unemployment
2012-09-07,7.228995304625657,4.888677958644611,9.438895875520721,Unemployment
2012-09-14,7.237266559840247,4.974143998143855,9.695209017695491,Unemployment
2012-09-21,7.222202626867886,4.935317593054148,9.405742458816613,Unemployment
2012-09-28,7.17231914928539,4.750443245185784,9.462359577350062,Unemployment
2012-10-05,7.099787426872312,4.855955449658182,9.366813451434744,Unemployment
2012-10-12,7.035911409841223,4.751985003314674,9.193550969601171,Unemployment
2012-10-19,7.00930829997354,4.8006906888695955,9.203266728590336,Unemployment
2012-10-26,7.023599230241976,4.6353266824076576,9.36707769488619,Unemployment
2012-10-28,7.03221210583897,4.581278296570964,9.461666987077814,Unemployment
2012-11-04,7.061309595826901,4.748200179418018,9.396582710471725,Unemployment
2012-11-11,7.068312835271973,4.875931244822501,9.317851018549858,Unemployment
2012-11-18,7.049354817941063,4.57598618085299,9.381124033769565,Unemployment
2012-11-25,7.02682056860971,4.746130484392387,9.287774187398414,Unemployment
2012-12-02,7.025397271012535,4.848253110566995,9.429777096472522,Unemployment
2012-12-09,7.044763156135468,4.6237186650472575,9.312851423954179,Unemployment
2012-12-16,7.055438318458996,4.647938390842916,9.488282725034836,Unemployment
2012-12-23,7.023537164329039,4.787172747644483,9.31106376859771,Unemployment
2012-12-30,6.9426059069824095,4.6597036700093755,9.34467018932143,Unemployment
2013-01-06,6.842908053884287,4.725760669882415,9.180515144584014,Unemployment
2013-01-13,6.768791444899168,4.4048041459425376,9.03025501916281,Unemployment
